{"cameraMode":{"drawMode":0,"name":"Shaded","section":"Shading Mode"},"sceneLighting":false,"audioPlay":false,"sceneViewState":{"m_AlwaysRefresh":false,"showFog":true,"showSkybox":false,"showFlares":true,"showImageEffects":true,"showParticleSystems":true,"showVisualEffectGraphs":true,"m_FxEnabled":true},"in2DMode":false,"pivot":{"x":-14.604471206665039,"y":46.119598388671878,"z":-29.954010009765626},"rotation":{"x":0.09576060622930527,"y":0.04184376448392868,"z":-0.004345465451478958,"w":0.9945715069770813},"size":163.32974243164063,"orthographic":true}