{"cameraMode":{"drawMode":0,"name":"Shaded","section":"Shading Mode"},"sceneLighting":false,"audioPlay":false,"sceneViewState":{"m_AlwaysRefresh":false,"showFog":true,"showSkybox":false,"showFlares":true,"showImageEffects":true,"showParticleSystems":true,"showVisualEffectGraphs":true,"m_FxEnabled":true},"in2DMode":false,"pivot":{"x":-0.0000013709068298339844,"y":0.0000012516975402832032,"z":-0.000003814697265625},"rotation":{"x":-0.0431814007461071,"y":-0.6369184851646423,"z":0.7688904404640198,"w":-0.03576968237757683},"size":1.742165207862854,"orthographic":true}