{"cameraMode":{"drawMode":0,"name":"Shaded","section":"Shading Mode"},"sceneLighting":false,"audioPlay":false,"sceneViewState":{"m_AlwaysRefresh":false,"showFog":true,"showSkybox":false,"showFlares":true,"showImageEffects":true,"showParticleSystems":true,"showVisualEffectGraphs":true,"m_FxEnabled":true},"in2DMode":false,"pivot":{"x":-0.09600400924682617,"y":-0.21828508377075196,"z":0.7102768421173096},"rotation":{"x":0.1321379542350769,"y":0.6571067571640015,"z":-0.11860033869743347,"w":0.7326138019561768},"size":23.56332015991211,"orthographic":true}