{"cameraMode":{"drawMode":0,"name":"Shaded","section":"Shading Mode"},"sceneLighting":false,"audioPlay":false,"sceneViewState":{"m_AlwaysRefresh":false,"showFog":true,"showSkybox":false,"showFlares":true,"showImageEffects":true,"showParticleSystems":true,"showVisualEffectGraphs":true,"m_FxEnabled":true},"in2DMode":false,"pivot":{"x":4.656612873077393e-10,"y":-2.1420419216156007e-8,"z":-3.725290298461914e-8},"rotation":{"x":-0.00017640572332311422,"y":-0.9996720552444458,"z":0.01499970443546772,"w":-0.02244499698281288},"size":2.5329418182373049,"orthographic":true}